[
  {
    "title": "Licensed Rubber Tuna",
    "description": "The Football Is Good For Training And Recreational Purposes",
    "image": "https://api.lorem.space/image/watch?w=640&h=480&r=607",
    "category": "electronics",
    "size": [],
    "color": ["red", "green", "yellow", "orange"],
    "price": 987,
    "inStock": true
  },
  {
    "title": "Rustic Granite Shoes",
    "description": "The Apollotech B340 is an affordable wireless mouse with reliable connectivity, 12 months battery life and modern design",
    "image": "https://api.lorem.space/image?w=640&h=480&r=7329",
    "category": "others",
    "size": [],
    "color": ["red", "green", "yellow", "orange"],
    "price": 962,
    "inStock": true
  },
  {
    "title": "Refined Concrete Pizza",
    "description": "New range of formal shirts are designed keeping you in mind. With fits and styling that will make you stand apart",
    "image": "https://api.lorem.space/image/watch?w=640&h=480&r=1681",
    "category": "electronics",
    "size": [],
    "color": ["red", "green", "yellow", "orange"],
    "price": 309,
    "inStock": true
  },
  {
    "title": "Small Metal Bike",
    "description": "The Football Is Good For Training And Recreational Purposes",
    "image": "https://api.lorem.space/image/fashion?w=640&h=480&r=458",
    "category": "clothes",
    "size": ["S", "M", "L"],
    "color": ["red", "green", "yellow", "orange"],
    "price": 76,
    "inStock": true
  },
  {
    "title": "Gorgeous Fresh Mouse",
    "description": "Boston's most advanced compression wear technology increases muscle oxygenation, stabilizes active muscles",
    "image": "https://api.lorem.space/image/watch?w=640&h=480&r=5569",
    "category": "electronics",
    "size": [],
    "color": ["red", "green", "yellow", "orange"],
    "price": 80,
    "inStock": true
  },
  {
    "title": "Handcrafted Plastic Cheese",
    "description": "The automobile layout consists of a front-engine design, with transaxle-type transmissions mounted at the rear of the engine and four wheel drive",
    "image": "https://api.lorem.space/image/watch?w=640&h=480&r=4005",
    "category": "electronics",
    "size": [],
    "color": ["red", "green", "yellow", "orange"],
    "price": 513,
    "inStock": true
  },
  {
    "title": "Small Soft Mouse",
    "description": "The automobile layout consists of a front-engine design, with transaxle-type transmissions mounted at the rear of the engine and four wheel drive",
    "image": "https://api.lorem.space/image?w=640&h=480&r=5497",
    "category": "others",
    "size": [],
    "color": ["red", "green", "yellow", "orange"],
    "price": 976,
    "inStock": true
  },
  {
    "title": "Unbranded Rubber Computer",
    "description": "The beautiful range of Apple Naturalé that has an exciting mix of natural ingredients. With the Goodness of 100% Natural Ingredients",
    "image": "https://api.lorem.space/image/shoes?w=640&h=480&r=2620",
    "category": "shoes",
    "size": ["40", "41", "42", "43", "44", "45"],
    "color": ["red", "green", "yellow", "orange"],
    "price": 695,
    "inStock": true
  },
  {
    "title": "Sleek Fresh Chips",
    "description": "Andy shoes are designed to keeping in mind durability as well as trends, the most stylish range of shoes & sandals",
    "image": "https://api.lorem.space/image/furniture?w=640&h=480&r=3970",
    "category": "furniture",
    "size": [],
    "color": ["red", "green", "yellow", "orange"],
    "price": 905,
    "inStock": true
  },
  {
    "title": "Handmade Wooden Hat",
    "description": "Ergonomic executive chair upholstered in bonded black leather and PVC padded seat and back for all-day comfort and support",
    "image": "https://api.lorem.space/image/fashion?w=640&h=480&r=6236",
    "category": "clothes",
    "size": ["S", "M", "L"],
    "color": ["red", "green", "yellow", "orange"],
    "price": 889,
    "inStock": true
  },
  {
    "title": "Fantastic Rubber Computer",
    "description": "The automobile layout consists of a front-engine design, with transaxle-type transmissions mounted at the rear of the engine and four wheel drive",
    "image": "https://api.lorem.space/image?w=640&h=480&r=4920",
    "category": "others",
    "size": [],
    "color": ["red", "green", "yellow", "orange"],
    "price": 509,
    "inStock": true
  },
  {
    "title": "Ergonomic Soft Cheese",
    "description": "The automobile layout consists of a front-engine design, with transaxle-type transmissions mounted at the rear of the engine and four wheel drive",
    "image": "https://api.lorem.space/image/shoes?w=640&h=480&r=9511",
    "category": "shoes",
    "size": ["40", "41", "42", "43", "44", "45"],
    "color": ["red", "green", "yellow", "orange"],
    "price": 10,
    "inStock": true
  },
  {
    "title": "Practical Metal Ball",
    "description": "The slim & simple Maple Gaming Keyboard from Dev Byte comes with a sleek body and 7- Color RGB LED Back-lighting for smart functionality",
    "image": "https://api.lorem.space/image?w=640&h=480&r=2434",
    "category": "others",
    "size": [],
    "color": ["red", "green", "yellow", "orange"],
    "price": 12,
    "inStock": true
  },
  {
    "title": "Intelligent Granite Chips",
    "description": "New ABC 13 9370, 13.3, 5th Gen CoreA5-8250U, 8GB RAM, 256GB SSD, power UHD Graphics, OS 10 Home, OS Office A & J 2016",
    "image": "https://api.lorem.space/image/furniture?w=640&h=480&r=6608",
    "category": "furniture",
    "size": [],
    "color": ["red", "green", "yellow", "orange"],
    "price": 481,
    "inStock": true
  },
  {
    "title": "Handcrafted Cotton Fish",
    "description": "The Apollotech B340 is an affordable wireless mouse with reliable connectivity, 12 months battery life and modern design",
    "image": "https://api.lorem.space/image/fashion?w=640&h=480&r=9078",
    "category": "clothes",
    "size": ["S", "M", "L"],
    "color": ["red", "green", "yellow", "orange"],
    "price": 7,
    "inStock": true
  },
  {
    "title": "Incredible Cotton Gloves",
    "description": "Carbonite web goalkeeper gloves are ergonomically designed to give easy fit",
    "image": "https://api.lorem.space/image/fashion?w=640&h=480&r=8268",
    "category": "clothes",
    "size": ["S", "M", "L"],
    "color": ["red", "green", "yellow", "orange"],
    "price": 775,
    "inStock": true
  },
  {
    "title": "Incredible Rubber Sausages",
    "description": "Andy shoes are designed to keeping in mind durability as well as trends, the most stylish range of shoes & sandals",
    "image": "https://api.lorem.space/image?w=640&h=480&r=2960",
    "category": "others",
    "size": [],
    "color": ["red", "green", "yellow", "orange"],
    "price": 358,
    "inStock": true
  },
  {
    "title": "Handmade Soft Bacon",
    "description": "Andy shoes are designed to keeping in mind durability as well as trends, the most stylish range of shoes & sandals",
    "image": "https://api.lorem.space/image?w=640&h=480&r=7546",
    "category": "others",
    "size": [],
    "color": ["red", "green", "yellow", "orange"],
    "price": 384,
    "inStock": true
  },
  {
    "title": "Rustic Rubber Bike",
    "description": "New range of formal shirts are designed keeping you in mind. With fits and styling that will make you stand apart",
    "image": "https://api.lorem.space/image?w=640&h=480&r=9443",
    "category": "others",
    "size": [],
    "color": ["red", "green", "yellow", "orange"],
    "price": 600,
    "inStock": true
  },
  {
    "title": "Practical Fresh Pizza",
    "description": "Ergonomic executive chair upholstered in bonded black leather and PVC padded seat and back for all-day comfort and support",
    "image": "https://api.lorem.space/image/fashion?w=640&h=480&r=8120",
    "category": "clothes",
    "size": ["S", "M", "L"],
    "color": ["red", "green", "yellow", "orange"],
    "price": 564,
    "inStock": true
  },
  {
    "title": "Gorgeous Granite Mouse",
    "description": "Andy shoes are designed to keeping in mind durability as well as trends, the most stylish range of shoes & sandals",
    "image": "https://api.lorem.space/image/shoes?w=640&h=480&r=9775",
    "category": "shoes",
    "size": ["40", "41", "42", "43", "44", "45"],
    "color": ["red", "green", "yellow", "orange"],
    "price": 209,
    "inStock": true
  },
  {
    "title": "Ergonomic Steel Ball",
    "description": "The Apollotech B340 is an affordable wireless mouse with reliable connectivity, 12 months battery life and modern design",
    "image": "https://api.lorem.space/image/watch?w=640&h=480&r=881",
    "category": "electronics",
    "size": [],
    "color": ["red", "green", "yellow", "orange"],
    "price": 330,
    "inStock": true
  },
  {
    "title": "Handmade Soft Shoes",
    "description": "New range of formal shirts are designed keeping you in mind. With fits and styling that will make you stand apart",
    "image": "https://api.lorem.space/image/shoes?w=640&h=480&r=7789",
    "category": "shoes",
    "size": ["40", "41", "42", "43", "44", "45"],
    "color": ["red", "green", "yellow", "orange"],
    "price": 200,
    "inStock": true
  },
  {
    "title": "Unbranded Fresh Car",
    "description": "New ABC 13 9370, 13.3, 5th Gen CoreA5-8250U, 8GB RAM, 256GB SSD, power UHD Graphics, OS 10 Home, OS Office A & J 2016",
    "image": "https://api.lorem.space/image/watch?w=640&h=480&r=1274",
    "category": "electronics",
    "size": [],
    "color": ["red", "green", "yellow", "orange"],
    "price": 662,
    "inStock": true
  },
  {
    "title": "Ergonomic Steel Keyboard",
    "description": "The beautiful range of Apple Naturalé that has an exciting mix of natural ingredients. With the Goodness of 100% Natural Ingredients",
    "image": "https://api.lorem.space/image?w=640&h=480&r=1523",
    "category": "others",
    "size": [],
    "color": ["red", "green", "yellow", "orange"],
    "price": 99,
    "inStock": true
  },
  {
    "title": "Refined Wooden Keyboard",
    "description": "The slim & simple Maple Gaming Keyboard from Dev Byte comes with a sleek body and 7- Color RGB LED Back-lighting for smart functionality",
    "image": "https://api.lorem.space/image?w=640&h=480&r=1726",
    "category": "others",
    "size": [],
    "color": ["red", "green", "yellow", "orange"],
    "price": 103,
    "inStock": true
  },
  {
    "title": "Gorgeous Fresh Bike",
    "description": "Boston's most advanced compression wear technology increases muscle oxygenation, stabilizes active muscles",
    "image": "https://api.lorem.space/image/watch?w=640&h=480&r=5592",
    "category": "electronics",
    "size": [],
    "color": ["red", "green", "yellow", "orange"],
    "price": 231,
    "inStock": true
  },
  {
    "title": "Generic Steel Table",
    "description": "The slim & simple Maple Gaming Keyboard from Dev Byte comes with a sleek body and 7- Color RGB LED Back-lighting for smart functionality",
    "image": "https://api.lorem.space/image/furniture?w=640&h=480&r=5035",
    "category": "furniture",
    "size": [],
    "color": ["red", "green", "yellow", "orange"],
    "price": 954,
    "inStock": true
  },
  {
    "title": "Sleek Steel Gloves",
    "description": "Boston's most advanced compression wear technology increases muscle oxygenation, stabilizes active muscles",
    "image": "https://api.lorem.space/image/shoes?w=640&h=480&r=8186",
    "category": "shoes",
    "size": ["40", "41", "42", "43", "44", "45"],
    "color": ["red", "green", "yellow", "orange"],
    "price": 444,
    "inStock": true
  },
  {
    "title": "Handmade Rubber Mouse",
    "description": "The beautiful range of Apple Naturalé that has an exciting mix of natural ingredients. With the Goodness of 100% Natural Ingredients",
    "image": "https://api.lorem.space/image/furniture?w=640&h=480&r=5772",
    "category": "furniture",
    "size": [],
    "color": ["red", "green", "yellow", "orange"],
    "price": 463,
    "inStock": true
  },
  {
    "title": "Handcrafted Frozen Shirt",
    "description": "New ABC 13 9370, 13.3, 5th Gen CoreA5-8250U, 8GB RAM, 256GB SSD, power UHD Graphics, OS 10 Home, OS Office A & J 2016",
    "image": "https://api.lorem.space/image/watch?w=640&h=480&r=6755",
    "category": "electronics",
    "size": [],
    "color": ["red", "green", "yellow", "orange"],
    "price": 954,
    "inStock": true
  },
  {
    "title": "Practical Plastic Gloves",
    "description": "Andy shoes are designed to keeping in mind durability as well as trends, the most stylish range of shoes & sandals",
    "image": "https://api.lorem.space/image/furniture?w=640&h=480&r=6803",
    "category": "furniture",
    "size": [],
    "color": ["red", "green", "yellow", "orange"],
    "price": 245,
    "inStock": true
  },
  {
    "title": "Rustic Cotton Pants",
    "description": "The beautiful range of Apple Naturalé that has an exciting mix of natural ingredients. With the Goodness of 100% Natural Ingredients",
    "image": "https://api.lorem.space/image/furniture?w=640&h=480&r=9001",
    "category": "furniture",
    "size": [],
    "color": ["red", "green", "yellow", "orange"],
    "price": 566,
    "inStock": true
  },
  {
    "title": "Gorgeous Metal Computer",
    "description": "The slim & simple Maple Gaming Keyboard from Dev Byte comes with a sleek body and 7- Color RGB LED Back-lighting for smart functionality",
    "image": "https://api.lorem.space/image?w=640&h=480&r=7312",
    "category": "others",
    "size": [],
    "color": ["red", "green", "yellow", "orange"],
    "price": 184,
    "inStock": true
  },
  {
    "title": "Ergonomic Granite Car",
    "description": "The Football Is Good For Training And Recreational Purposes",
    "image": "https://api.lorem.space/image?w=640&h=480&r=843",
    "category": "others",
    "size": [],
    "color": ["red", "green", "yellow", "orange"],
    "price": 839,
    "inStock": true
  },
  {
    "title": "Handmade Cotton Shoes",
    "description": "Boston's most advanced compression wear technology increases muscle oxygenation, stabilizes active muscles",
    "image": "https://api.lorem.space/image?w=640&h=480&r=8487",
    "category": "others",
    "size": [],
    "color": ["red", "green", "yellow", "orange"],
    "price": 805,
    "inStock": true
  },
  {
    "title": "Ergonomic Rubber Cheese",
    "description": "The slim & simple Maple Gaming Keyboard from Dev Byte comes with a sleek body and 7- Color RGB LED Back-lighting for smart functionality",
    "image": "https://api.lorem.space/image?w=640&h=480&r=8011",
    "category": "others",
    "size": [],
    "color": ["red", "green", "yellow", "orange"],
    "price": 21,
    "inStock": true
  },
  {
    "title": "Generic Plastic Cheese",
    "description": "Carbonite web goalkeeper gloves are ergonomically designed to give easy fit",
    "image": "https://api.lorem.space/image/fashion?w=640&h=480&r=6331",
    "category": "clothes",
    "size": ["S", "M", "L"],
    "color": ["red", "green", "yellow", "orange"],
    "price": 563,
    "inStock": true
  },
  {
    "title": "Licensed Wooden Mouse",
    "description": "The Nagasaki Lander is the trademarked name of several series of Nagasaki sport bikes, that started with the 1984 ABC800J",
    "image": "https://api.lorem.space/image/shoes?w=640&h=480&r=7372",
    "category": "shoes",
    "size": ["40", "41", "42", "43", "44", "45"],
    "color": ["red", "green", "yellow", "orange"],
    "price": 212,
    "inStock": true
  },
  {
    "title": "Handmade Steel Table",
    "description": "Ergonomic executive chair upholstered in bonded black leather and PVC padded seat and back for all-day comfort and support",
    "image": "https://api.lorem.space/image/fashion?w=640&h=480&r=8010",
    "category": "clothes",
    "size": ["S", "M", "L"],
    "color": ["red", "green", "yellow", "orange"],
    "price": 298,
    "inStock": true
  },
  {
    "title": "Sleek Granite Towels",
    "description": "Carbonite web goalkeeper gloves are ergonomically designed to give easy fit",
    "image": "https://api.lorem.space/image/fashion?w=640&h=480&r=4496",
    "category": "clothes",
    "size": ["S", "M", "L"],
    "color": ["red", "green", "yellow", "orange"],
    "price": 748,
    "inStock": true
  },
  {
    "title": "Gorgeous Fresh Mouse",
    "description": "Boston's most advanced compression wear technology increases muscle oxygenation, stabilizes active muscles",
    "image": "https://api.lorem.space/image/fashion?w=640&h=480&r=2899",
    "category": "clothes",
    "size": ["S", "M", "L"],
    "color": ["red", "green", "yellow", "orange"],
    "price": 213,
    "inStock": true
  },
  {
    "title": "Gorgeous Metal Shirt",
    "description": "The beautiful range of Apple Naturalé that has an exciting mix of natural ingredients. With the Goodness of 100% Natural Ingredients",
    "image": "https://api.lorem.space/image/watch?w=640&h=480&r=2",
    "category": "electronics",
    "size": [],
    "color": ["red", "green", "yellow", "orange"],
    "price": 199,
    "inStock": true
  },
  {
    "title": "Generic Fresh Computer",
    "description": "Ergonomic executive chair upholstered in bonded black leather and PVC padded seat and back for all-day comfort and support",
    "image": "https://api.lorem.space/image/furniture?w=640&h=480&r=5376",
    "category": "furniture",
    "size": [],
    "color": ["red", "green", "yellow", "orange"],
    "price": 76,
    "inStock": true
  },
  {
    "title": "Handcrafted Plastic Keyboard",
    "description": "New range of formal shirts are designed keeping you in mind. With fits and styling that will make you stand apart",
    "image": "https://api.lorem.space/image/watch?w=640&h=480&r=7154",
    "category": "electronics",
    "size": [],
    "color": ["red", "green", "yellow", "orange"],
    "price": 406,
    "inStock": true
  },
  {
    "title": "Fantastic Concrete Shirt",
    "description": "The beautiful range of Apple Naturalé that has an exciting mix of natural ingredients. With the Goodness of 100% Natural Ingredients",
    "image": "https://api.lorem.space/image/fashion?w=640&h=480&r=2916",
    "category": "clothes",
    "size": ["S", "M", "L"],
    "color": ["red", "green", "yellow", "orange"],
    "price": 315,
    "inStock": true
  },
  {
    "title": "Unbranded Steel Chicken",
    "description": "Carbonite web goalkeeper gloves are ergonomically designed to give easy fit",
    "image": "https://api.lorem.space/image/watch?w=640&h=480&r=5404",
    "category": "electronics",
    "size": [],
    "color": ["red", "green", "yellow", "orange"],
    "price": 688,
    "inStock": true
  },
  {
    "title": "Unbranded Wooden Shoes",
    "description": "New range of formal shirts are designed keeping you in mind. With fits and styling that will make you stand apart",
    "image": "https://api.lorem.space/image/watch?w=640&h=480&r=5306",
    "category": "electronics",
    "size": [],
    "color": ["red", "green", "yellow", "orange"],
    "price": 7,
    "inStock": true
  },
  {
    "title": "Rustic Granite Gloves",
    "description": "The Apollotech B340 is an affordable wireless mouse with reliable connectivity, 12 months battery life and modern design",
    "image": "https://api.lorem.space/image/fashion?w=640&h=480&r=7081",
    "category": "clothes",
    "size": ["S", "M", "L"],
    "color": ["red", "green", "yellow", "orange"],
    "price": 926,
    "inStock": true
  },
  {
    "title": "Licensed Rubber Sausages",
    "description": "The slim & simple Maple Gaming Keyboard from Dev Byte comes with a sleek body and 7- Color RGB LED Back-lighting for smart functionality",
    "image": "https://api.lorem.space/image/furniture?w=640&h=480&r=8124",
    "category": "furniture",
    "size": [],
    "color": ["red", "green", "yellow", "orange"],
    "price": 880,
    "inStock": true
  },
  {
    "title": "Handmade Steel Shirt",
    "description": "The beautiful range of Apple Naturalé that has an exciting mix of natural ingredients. With the Goodness of 100% Natural Ingredients",
    "image": "https://api.lorem.space/image/shoes?w=640&h=480&r=4082",
    "category": "shoes",
    "size": ["40", "41", "42", "43", "44", "45"],
    "color": ["red", "green", "yellow", "orange"],
    "price": 377,
    "inStock": true
  },
  {
    "title": "Incredible Cotton Soap",
    "description": "The automobile layout consists of a front-engine design, with transaxle-type transmissions mounted at the rear of the engine and four wheel drive",
    "image": "https://api.lorem.space/image/shoes?w=640&h=480&r=9508",
    "category": "shoes",
    "size": ["40", "41", "42", "43", "44", "45"],
    "color": ["red", "green", "yellow", "orange"],
    "price": 849,
    "inStock": true
  },
  {
    "title": "Refined Frozen Hat",
    "description": "The Nagasaki Lander is the trademarked name of several series of Nagasaki sport bikes, that started with the 1984 ABC800J",
    "image": "https://api.lorem.space/image/watch?w=640&h=480&r=575",
    "category": "electronics",
    "size": [],
    "color": ["red", "green", "yellow", "orange"],
    "price": 717,
    "inStock": true
  },
  {
    "title": "Gorgeous Soft Shoes",
    "description": "The automobile layout consists of a front-engine design, with transaxle-type transmissions mounted at the rear of the engine and four wheel drive",
    "image": "https://api.lorem.space/image?w=640&h=480&r=5580",
    "category": "others",
    "size": [],
    "color": ["red", "green", "yellow", "orange"],
    "price": 373,
    "inStock": true
  },
  {
    "title": "Incredible Soft Chips",
    "description": "The Nagasaki Lander is the trademarked name of several series of Nagasaki sport bikes, that started with the 1984 ABC800J",
    "image": "https://api.lorem.space/image/fashion?w=640&h=480&r=6485",
    "category": "clothes",
    "size": ["S", "M", "L"],
    "color": ["red", "green", "yellow", "orange"],
    "price": 721,
    "inStock": true
  },
  {
    "title": "Ergonomic Rubber Bacon",
    "description": "Carbonite web goalkeeper gloves are ergonomically designed to give easy fit",
    "image": "https://api.lorem.space/image?w=640&h=480&r=6593",
    "category": "others",
    "size": [],
    "color": ["red", "green", "yellow", "orange"],
    "price": 641,
    "inStock": true
  },
  {
    "title": "Sleek Soft Pizza",
    "description": "The Apollotech B340 is an affordable wireless mouse with reliable connectivity, 12 months battery life and modern design",
    "image": "https://api.lorem.space/image/shoes?w=640&h=480&r=3221",
    "category": "shoes",
    "size": ["40", "41", "42", "43", "44", "45"],
    "color": ["red", "green", "yellow", "orange"],
    "price": 365,
    "inStock": true
  },
  {
    "title": "Handcrafted Rubber Keyboard",
    "description": "Ergonomic executive chair upholstered in bonded black leather and PVC padded seat and back for all-day comfort and support",
    "image": "https://api.lorem.space/image/fashion?w=640&h=480&r=7668",
    "category": "clothes",
    "size": ["S", "M", "L"],
    "color": ["red", "green", "yellow", "orange"],
    "price": 480,
    "inStock": true
  },
  {
    "title": "Fantastic Rubber Hat",
    "description": "Andy shoes are designed to keeping in mind durability as well as trends, the most stylish range of shoes & sandals",
    "image": "https://api.lorem.space/image?w=640&h=480&r=737",
    "category": "others",
    "size": [],
    "color": ["red", "green", "yellow", "orange"],
    "price": 441,
    "inStock": true
  },
  {
    "title": "Handmade Metal Bike",
    "description": "New range of formal shirts are designed keeping you in mind. With fits and styling that will make you stand apart",
    "image": "https://api.lorem.space/image?w=640&h=480&r=5736",
    "category": "others",
    "size": [],
    "color": ["red", "green", "yellow", "orange"],
    "price": 982,
    "inStock": true
  },
  {
    "title": "Refined Granite Towels",
    "description": "Carbonite web goalkeeper gloves are ergonomically designed to give easy fit",
    "image": "https://api.lorem.space/image/watch?w=640&h=480&r=8550",
    "category": "electronics",
    "size": [],
    "color": ["red", "green", "yellow", "orange"],
    "price": 394,
    "inStock": true
  },
  {
    "title": "Gorgeous Steel Ball",
    "description": "The Nagasaki Lander is the trademarked name of several series of Nagasaki sport bikes, that started with the 1984 ABC800J",
    "image": "https://api.lorem.space/image?w=640&h=480&r=3212",
    "category": "others",
    "size": [],
    "color": ["red", "green", "yellow", "orange"],
    "price": 269,
    "inStock": true
  },
  {
    "title": "Intelligent Frozen Chicken",
    "description": "Andy shoes are designed to keeping in mind durability as well as trends, the most stylish range of shoes & sandals",
    "image": "https://api.lorem.space/image?w=640&h=480&r=9067",
    "category": "others",
    "size": [],
    "color": ["red", "green", "yellow", "orange"],
    "price": 984,
    "inStock": true
  },
  {
    "title": "Licensed Plastic Shirt",
    "description": "The beautiful range of Apple Naturalé that has an exciting mix of natural ingredients. With the Goodness of 100% Natural Ingredients",
    "image": "https://api.lorem.space/image?w=640&h=480&r=990",
    "category": "others",
    "size": [],
    "color": ["red", "green", "yellow", "orange"],
    "price": 355,
    "inStock": true
  },
  {
    "title": "Ergonomic Metal Pants",
    "description": "The slim & simple Maple Gaming Keyboard from Dev Byte comes with a sleek body and 7- Color RGB LED Back-lighting for smart functionality",
    "image": "https://api.lorem.space/image?w=640&h=480&r=9813",
    "category": "others",
    "size": [],
    "color": ["red", "green", "yellow", "orange"],
    "price": 363,
    "inStock": true
  },
  {
    "title": "Intelligent Metal Hat",
    "description": "New ABC 13 9370, 13.3, 5th Gen CoreA5-8250U, 8GB RAM, 256GB SSD, power UHD Graphics, OS 10 Home, OS Office A & J 2016",
    "image": "https://api.lorem.space/image/shoes?w=640&h=480&r=4756",
    "category": "shoes",
    "size": ["40", "41", "42", "43", "44", "45"],
    "color": ["red", "green", "yellow", "orange"],
    "price": 485,
    "inStock": true
  },
  {
    "title": "Intelligent Concrete Ball",
    "description": "The automobile layout consists of a front-engine design, with transaxle-type transmissions mounted at the rear of the engine and four wheel drive",
    "image": "https://api.lorem.space/image/furniture?w=640&h=480&r=2143",
    "category": "furniture",
    "size": [],
    "color": ["red", "green", "yellow", "orange"],
    "price": 625,
    "inStock": true
  },
  {
    "title": "Small Metal Pizza",
    "description": "The automobile layout consists of a front-engine design, with transaxle-type transmissions mounted at the rear of the engine and four wheel drive",
    "image": "https://api.lorem.space/image/shoes?w=640&h=480&r=6726",
    "category": "shoes",
    "size": ["40", "41", "42", "43", "44", "45"],
    "color": ["red", "green", "yellow", "orange"],
    "price": 890,
    "inStock": true
  },
  {
    "title": "Tasty Concrete Pizza",
    "description": "The Nagasaki Lander is the trademarked name of several series of Nagasaki sport bikes, that started with the 1984 ABC800J",
    "image": "https://api.lorem.space/image/shoes?w=640&h=480&r=6824",
    "category": "shoes",
    "size": ["40", "41", "42", "43", "44", "45"],
    "color": ["red", "green", "yellow", "orange"],
    "price": 58,
    "inStock": true
  },
  {
    "title": "Refined Granite Fish",
    "description": "New ABC 13 9370, 13.3, 5th Gen CoreA5-8250U, 8GB RAM, 256GB SSD, power UHD Graphics, OS 10 Home, OS Office A & J 2016",
    "image": "https://api.lorem.space/image?w=640&h=480&r=8602",
    "category": "others",
    "size": [],
    "color": ["red", "green", "yellow", "orange"],
    "price": 741,
    "inStock": true
  },
  {
    "title": "Generic Wooden Keyboard",
    "description": "The slim & simple Maple Gaming Keyboard from Dev Byte comes with a sleek body and 7- Color RGB LED Back-lighting for smart functionality",
    "image": "https://api.lorem.space/image?w=640&h=480&r=9131",
    "category": "others",
    "size": [],
    "color": ["red", "green", "yellow", "orange"],
    "price": 729,
    "inStock": true
  },
  {
    "title": "Refined Steel Gloves",
    "description": "The Nagasaki Lander is the trademarked name of several series of Nagasaki sport bikes, that started with the 1984 ABC800J",
    "image": "https://api.lorem.space/image/furniture?w=640&h=480&r=2159",
    "category": "furniture",
    "size": [],
    "color": ["red", "green", "yellow", "orange"],
    "price": 569,
    "inStock": true
  },
  {
    "title": "Awesome Rubber Fish",
    "description": "The beautiful range of Apple Naturalé that has an exciting mix of natural ingredients. With the Goodness of 100% Natural Ingredients",
    "image": "https://api.lorem.space/image/watch?w=640&h=480&r=1222",
    "category": "electronics",
    "size": [],
    "color": ["red", "green", "yellow", "orange"],
    "price": 238,
    "inStock": true
  },
  {
    "title": "Awesome Plastic Table",
    "description": "Ergonomic executive chair upholstered in bonded black leather and PVC padded seat and back for all-day comfort and support",
    "image": "https://api.lorem.space/image/watch?w=640&h=480&r=7293",
    "category": "electronics",
    "size": [],
    "color": ["red", "green", "yellow", "orange"],
    "price": 644,
    "inStock": true
  },
  {
    "title": "Handmade Concrete Ball",
    "description": "The slim & simple Maple Gaming Keyboard from Dev Byte comes with a sleek body and 7- Color RGB LED Back-lighting for smart functionality",
    "image": "https://api.lorem.space/image?w=640&h=480&r=6384",
    "category": "others",
    "size": [],
    "color": ["red", "green", "yellow", "orange"],
    "price": 515,
    "inStock": true
  }
]
